Season,Total players
2010/11,2351622
2011/12,2781485
2012/13,2608634
2013/14,3218998
2014/15,3502998
2015/16,3734001
2016/17,4503345
2017/18,5910135
2018/19,6296699
2019/20,7628968
2020/21,8240321
2021/22,9167407
2022/23,11447257
2023/24,10911213
2024/25,11515690
